Date,Close
2021-05-10 00:00:00-04:00,147.85948181152344
2021-05-11 00:00:00-04:00,146.6524200439453
2021-05-12 00:00:00-04:00,146.0619354248047
2021-05-13 00:00:00-04:00,147.5902862548828
2021-05-14 00:00:00-04:00,147.81607055664062
2021-05-17 00:00:00-04:00,147.96371459960938
2021-05-18 00:00:00-04:00,148.0157928466797
2021-05-19 00:00:00-04:00,147.69448852539062
2021-05-20 00:00:00-04:00,148.55418395996094
2021-05-21 00:00:00-04:00,148.45867919921875
2021-05-24 00:00:00-04:00,149.02662658691406
2021-05-25 00:00:00-04:00,148.61598205566406
2021-05-26 00:00:00-04:00,147.73342895507812
2021-05-27 00:00:00-04:00,147.50624084472656
2021-05-28 00:00:00-04:00,147.8907012939453
2021-06-01 00:00:00-04:00,144.64015197753906
2021-06-02 00:00:00-04:00,145.22557067871094
2021-06-03 00:00:00-04:00,145.0857696533203
2021-06-04 00:00:00-04:00,145.0246124267578
2021-06-07 00:00:00-04:00,144.03721618652344
2021-06-08 00:00:00-04:00,142.7702178955078
2021-06-09 00:00:00-04:00,144.6925811767578
2021-06-10 00:00:00-04:00,145.9945526123047
2021-06-11 00:00:00-04:00,144.14210510253906
2021-06-14 00:00:00-04:00,144.50035095214844
2021-06-15 00:00:00-04:00,143.73141479492188
2021-06-16 00:00:00-04:00,143.678955078125
2021-06-17 00:00:00-04:00,144.36929321289062
2021-06-18 00:00:00-04:00,141.53817749023438
2021-06-21 00:00:00-04:00,143.16346740722656
2021-06-22 00:00:00-04:00,142.97119140625
2021-06-23 00:00:00-04:00,142.10610961914062
2021-06-24 00:00:00-04:00,142.7527313232422
2021-06-25 00:00:00-04:00,143.4867706298828
2021-06-28 00:00:00-04:00,143.3207244873047
2021-06-29 00:00:00-04:00,143.32945251464844
2021-06-30 00:00:00-04:00,143.94985961914062
2021-07-01 00:00:00-04:00,145.01588439941406
2021-07-02 00:00:00-04:00,147.65475463867188
2021-07-06 00:00:00-04:00,146.77220153808594
2021-07-07 00:00:00-04:00,148.03050231933594
2021-07-08 00:00:00-04:00,147.74215698242188
2021-07-09 00:00:00-04:00,148.3275909423828
2021-07-12 00:00:00-04:00,148.09165954589844
2021-07-13 00:00:00-04:00,147.90817260742188
2021-07-14 00:00:00-04:00,148.9130401611328
2021-07-15 00:00:00-04:00,147.12173461914062
2021-07-16 00:00:00-04:00,146.88580322265625
2021-07-19 00:00:00-04:00,145.8197784423828
2021-07-20 00:00:00-04:00,147.19166564941406
2021-07-21 00:00:00-04:00,148.10040283203125
2021-07-22 00:00:00-04:00,148.52857971191406
2021-07-23 00:00:00-04:00,150.1101531982422
2021-07-26 00:00:00-04:00,150.18003845214844
2021-07-27 00:00:00-04:00,150.87033081054688
2021-07-28 00:00:00-04:00,150.450927734375
2021-07-29 00:00:00-04:00,150.450927734375
2021-07-30 00:00:00-04:00,150.46836853027344
2021-08-02 00:00:00-04:00,150.52955627441406
2021-08-03 00:00:00-04:00,152.38201904296875
2021-08-04 00:00:00-04:00,151.48199462890625
2021-08-05 00:00:00-04:00,151.7703857421875
2021-08-06 00:00:00-04:00,151.26356506347656
2021-08-09 00:00:00-04:00,151.78782653808594
2021-08-10 00:00:00-04:00,151.84030151367188
2021-08-11 00:00:00-04:00,151.866455078125
2021-08-12 00:00:00-04:00,153.08981323242188
2021-08-13 00:00:00-04:00,154.00726318359375
2021-08-16 00:00:00-04:00,155.39666748046875
2021-08-17 00:00:00-04:00,156.82090759277344
2021-08-18 00:00:00-04:00,154.8286895751953
2021-08-19 00:00:00-04:00,156.03451538085938
2021-08-20 00:00:00-04:00,156.79470825195312
2021-08-23 00:00:00-04:00,156.11788940429688
2021-08-24 00:00:00-04:00,154.16648864746094
2021-08-25 00:00:00-04:00,153.1468963623047
2021-08-26 00:00:00-04:00,152.3294219970703
2021-08-27 00:00:00-04:00,152.0041961669922
2021-08-30 00:00:00-04:00,152.64585876464844
2021-08-31 00:00:00-04:00,152.18002319335938
2021-09-01 00:00:00-04:00,152.71617126464844
2021-09-02 00:00:00-04:00,153.76219177246094
2021-09-03 00:00:00-04:00,153.85887145996094
2021-09-07 00:00:00-04:00,151.46798706054688
2021-09-08 00:00:00-04:00,151.0988311767578
2021-09-09 00:00:00-04:00,147.73228454589844
2021-09-10 00:00:00-04:00,146.765380859375
2021-09-13 00:00:00-04:00,145.7369842529297
2021-09-14 00:00:00-04:00,144.8579864501953
2021-09-15 00:00:00-04:00,145.40296936035156
2021-09-16 00:00:00-04:00,145.22714233398438
2021-09-17 00:00:00-04:00,144.81407165527344
2021-09-20 00:00:00-04:00,143.98776245117188
2021-09-21 00:00:00-04:00,144.62066650390625
2021-09-22 00:00:00-04:00,144.09323120117188
2021-09-23 00:00:00-04:00,144.91075134277344
2021-09-24 00:00:00-04:00,144.4712371826172
2021-09-27 00:00:00-04:00,143.4252166748047
2021-09-28 00:00:00-04:00,143.10879516601562
2021-09-29 00:00:00-04:00,144.17237854003906
2021-09-30 00:00:00-04:00,141.95729064941406
2021-10-01 00:00:00-04:00,141.05197143554688
2021-10-04 00:00:00-04:00,139.95323181152344
2021-10-05 00:00:00-04:00,140.26962280273438
2021-10-06 00:00:00-04:00,140.55970764160156
2021-10-07 00:00:00-04:00,141.816650390625
2021-10-08 00:00:00-04:00,141.45628356933594
2021-10-11 00:00:00-04:00,140.85858154296875
2021-10-12 00:00:00-04:00,138.6083221435547
2021-10-13 00:00:00-04:00,139.93563842773438
2021-10-14 00:00:00-04:00,140.73553466796875
2021-10-15 00:00:00-04:00,141.78155517578125
2021-10-18 00:00:00-04:00,140.7443084716797
2021-10-19 00:00:00-04:00,144.04051208496094
2021-10-20 00:00:00-04:00,143.96144104003906
2021-10-21 00:00:00-04:00,143.62741088867188
2021-10-22 00:00:00-04:00,143.90866088867188
2021-10-25 00:00:00-04:00,144.22511291503906
2021-10-26 00:00:00-04:00,145.69305419921875
2021-10-27 00:00:00-04:00,143.92626953125
2021-10-28 00:00:00-04:00,143.1439666748047
2021-10-29 00:00:00-04:00,143.17031860351562
2021-11-01 00:00:00-04:00,143.2933807373047
2021-11-02 00:00:00-04:00,145.5523681640625
2021-11-03 00:00:00-04:00,145.08651733398438
2021-11-04 00:00:00-04:00,144.6822052001953
2021-11-05 00:00:00-04:00,143.6537628173828
2021-11-08 00:00:00-05:00,143.1615447998047
2021-11-09 00:00:00-05:00,142.8450927734375
2021-11-10 00:00:00-05:00,144.3921356201172
2021-11-11 00:00:00-05:00,143.32855224609375
2021-11-12 00:00:00-05:00,145.04257202148438
2021-11-15 00:00:00-05:00,143.7328643798828
2021-11-16 00:00:00-05:00,142.98568725585938
2021-11-17 00:00:00-05:00,143.5219268798828
2021-11-18 00:00:00-05:00,142.7484130859375
2021-11-19 00:00:00-05:00,143.17909240722656
2021-11-22 00:00:00-05:00,141.29461669921875
2021-11-23 00:00:00-05:00,142.1704864501953
2021-11-24 00:00:00-05:00,141.77235412597656
2021-11-26 00:00:00-05:00,140.85223388671875
2021-11-29 00:00:00-05:00,141.3388671875
2021-11-30 00:00:00-05:00,137.9590606689453
2021-12-01 00:00:00-05:00,139.86129760742188
2021-12-02 00:00:00-05:00,138.98541259765625
2021-12-03 00:00:00-05:00,141.01148986816406
2021-12-06 00:00:00-05:00,144.1611785888672
2021-12-07 00:00:00-05:00,144.5327911376953
2021-12-08 00:00:00-05:00,145.39984130859375
2021-12-09 00:00:00-05:00,146.78004455566406
2021-12-10 00:00:00-05:00,146.41729736328125
2021-12-13 00:00:00-05:00,149.0361785888672
2021-12-14 00:00:00-05:00,150.66407775878906
2021-12-15 00:00:00-05:00,151.41610717773438
2021-12-16 00:00:00-05:00,153.0706024169922
2021-12-17 00:00:00-05:00,148.84152221679688
2021-12-20 00:00:00-05:00,148.41680908203125
2021-12-21 00:00:00-05:00,147.9390869140625
2021-12-22 00:00:00-05:00,148.57611083984375
2021-12-23 00:00:00-05:00,148.85919189453125
2021-12-27 00:00:00-05:00,150.11557006835938
2021-12-28 00:00:00-05:00,150.71719360351562
2021-12-29 00:00:00-05:00,151.7788848876953
2021-12-30 00:00:00-05:00,152.45130920410156
2021-12-31 00:00:00-05:00,151.3542022705078
2022-01-03 00:00:00-05:00,151.77003479003906
2022-01-04 00:00:00-05:00,151.36306762695312
2022-01-05 00:00:00-05:00,152.37168884277344
2022-01-06 00:00:00-05:00,151.8496551513672
2022-01-07 00:00:00-05:00,153.90231323242188
2022-01-10 00:00:00-05:00,153.1414031982422
2022-01-11 00:00:00-05:00,151.5134735107422
2022-01-12 00:00:00-05:00,150.22171020507812
2022-01-13 00:00:00-05:00,149.31039428710938
2022-01-14 00:00:00-05:00,148.49649047851562
2022-01-18 00:00:00-05:00,147.84173583984375
2022-01-19 00:00:00-05:00,147.3816680908203
2022-01-20 00:00:00-05:00,146.2049560546875
2022-01-21 00:00:00-05:00,145.8687744140625
2022-01-24 00:00:00-05:00,144.18772888183594
2022-01-25 00:00:00-05:00,148.3106689453125
2022-01-26 00:00:00-05:00,148.97422790527344
2022-01-27 00:00:00-05:00,150.92955017089844
2022-01-28 00:00:00-05:00,151.99122619628906
2022-01-31 00:00:00-05:00,152.43359375
2022-02-01 00:00:00-05:00,151.18612670898438
2022-02-02 00:00:00-05:00,152.85829162597656
2022-02-03 00:00:00-05:00,152.84942626953125
2022-02-04 00:00:00-05:00,151.8496551513672
2022-02-07 00:00:00-05:00,151.34536743164062
2022-02-08 00:00:00-05:00,151.74351501464844
2022-02-09 00:00:00-05:00,151.7257843017578
2022-02-10 00:00:00-05:00,149.89439392089844
2022-02-11 00:00:00-05:00,148.3814697265625
2022-02-14 00:00:00-05:00,146.51463317871094
2022-02-15 00:00:00-05:00,148.02755737304688
2022-02-16 00:00:00-05:00,147.9390869140625
2022-02-17 00:00:00-05:00,147.0365753173828
2022-02-18 00:00:00-05:00,145.46055603027344
2022-02-22 00:00:00-05:00,143.4838104248047
2022-02-23 00:00:00-05:00,143.5550537109375
2022-02-24 00:00:00-05:00,140.81253051757812
2022-02-25 00:00:00-05:00,147.81130981445312
2022-02-28 00:00:00-05:00,146.53799438476562
2022-03-01 00:00:00-05:00,146.03045654296875
2022-03-02 00:00:00-05:00,147.8468780517578
2022-03-03 00:00:00-05:00,150.01956176757812
2022-03-04 00:00:00-05:00,150.9099884033203
2022-03-07 00:00:00-05:00,153.34088134765625
2022-03-08 00:00:00-05:00,150.2332763671875
2022-03-09 00:00:00-05:00,150.80316162109375
2022-03-10 00:00:00-05:00,151.0702667236328
2022-03-11 00:00:00-05:00,150.79420471191406
2022-03-14 00:00:00-04:00,152.87783813476562
2022-03-15 00:00:00-04:00,156.84027099609375
2022-03-16 00:00:00-04:00,155.39776611328125
2022-03-17 00:00:00-04:00,157.42796325683594
2022-03-18 00:00:00-04:00,155.68267822265625
2022-03-21 00:00:00-04:00,156.56422424316406
2022-03-22 00:00:00-04:00,155.8251495361328
2022-03-23 00:00:00-04:00,155.2374725341797
2022-03-24 00:00:00-04:00,156.03887939453125
2022-03-25 00:00:00-04:00,157.5347900390625
2022-03-28 00:00:00-04:00,158.3450927734375
2022-03-29 00:00:00-04:00,158.2649688720703
2022-03-30 00:00:00-04:00,159.91221618652344
2022-03-31 00:00:00-04:00,157.81077575683594
2022-04-01 00:00:00-04:00,158.66561889648438
2022-04-04 00:00:00-04:00,157.1340789794922
2022-04-05 00:00:00-04:00,158.14918518066406
2022-04-06 00:00:00-04:00,162.26296997070312
2022-04-07 00:00:00-04:00,161.8444366455078
2022-04-08 00:00:00-04:00,162.1649932861328
2022-04-11 00:00:00-04:00,160.1348419189453
2022-04-12 00:00:00-04:00,160.1882781982422
2022-04-13 00:00:00-04:00,160.86500549316406
2022-04-14 00:00:00-04:00,160.1882781982422
2022-04-18 00:00:00-04:00,158.19371032714844
2022-04-19 00:00:00-04:00,163.01983642578125
2022-04-20 00:00:00-04:00,163.74107360839844
2022-04-21 00:00:00-04:00,163.26914978027344
2022-04-22 00:00:00-04:00,161.64854431152344
2022-04-25 00:00:00-04:00,165.62879943847656
2022-04-26 00:00:00-04:00,164.4445037841797
2022-04-27 00:00:00-04:00,162.14720153808594
2022-04-28 00:00:00-04:00,163.35818481445312
2022-04-29 00:00:00-04:00,160.68692016601562
2022-05-02 00:00:00-04:00,159.06631469726562
2022-05-03 00:00:00-04:00,158.75466918945312
2022-05-04 00:00:00-04:00,160.45535278320312
2022-05-05 00:00:00-04:00,157.39231872558594
2022-05-06 00:00:00-04:00,157.0450439453125
2022-05-09 00:00:00-04:00,157.89984130859375
2022-05-10 00:00:00-04:00,157.68612670898438
2022-05-11 00:00:00-04:00,156.83132934570312
2022-05-12 00:00:00-04:00,158.38070678710938
2022-05-13 00:00:00-04:00,157.47247314453125
2022-05-16 00:00:00-04:00,158.56771850585938
2022-05-17 00:00:00-04:00,159.22662353515625
2022-05-18 00:00:00-04:00,156.27037048339844
2022-05-19 00:00:00-04:00,154.8813018798828
2022-05-20 00:00:00-04:00,157.58822631835938
2022-05-23 00:00:00-04:00,160.80538940429688
2022-05-24 00:00:00-04:00,162.56185913085938
2022-05-25 00:00:00-04:00,160.96669006347656
2022-05-26 00:00:00-04:00,160.82334899902344
2022-05-27 00:00:00-04:00,162.28402709960938
2022-05-31 00:00:00-04:00,160.88604736328125
2022-06-01 00:00:00-04:00,159.25511169433594
2022-06-02 00:00:00-04:00,158.75320434570312
2022-06-03 00:00:00-04:00,158.09901428222656
2022-06-06 00:00:00-04:00,158.08106994628906
2022-06-07 00:00:00-04:00,159.8196258544922
2022-06-08 00:00:00-04:00,158.8697052001953
2022-06-09 00:00:00-04:00,155.67044067382812
2022-06-10 00:00:00-04:00,154.63088989257812
2022-06-13 00:00:00-04:00,153.0716094970703
2022-06-14 00:00:00-04:00,150.72366333007812
2022-06-15 00:00:00-04:00,152.3367462158203
2022-06-16 00:00:00-04:00,152.4174346923828
2022-06-17 00:00:00-04:00,151.86183166503906
2022-06-21 00:00:00-04:00,155.0431365966797
2022-06-22 00:00:00-04:00,157.48965454101562
2022-06-23 00:00:00-04:00,161.0025634765625
2022-06-24 00:00:00-04:00,163.3594207763672
2022-06-27 00:00:00-04:00,163.20704650878906
2022-06-28 00:00:00-04:00,158.5650177001953
2022-06-29 00:00:00-04:00,158.60983276367188
2022-06-30 00:00:00-04:00,159.07582092285156
2022-07-01 00:00:00-04:00,160.87710571289062
2022-07-05 00:00:00-04:00,159.64039611816406
2022-07-06 00:00:00-04:00,159.7837677001953
2022-07-07 00:00:00-04:00,159.96302795410156
2022-07-08 00:00:00-04:00,159.76585388183594
2022-07-11 00:00:00-04:00,159.82861328125
2022-07-12 00:00:00-04:00,157.58822631835938
2022-07-13 00:00:00-04:00,157.22079467773438
2022-07-14 00:00:00-04:00,157.43585205078125
2022-07-15 00:00:00-04:00,159.72103881835938
2022-07-18 00:00:00-04:00,156.13644409179688
2022-07-19 00:00:00-04:00,153.8602294921875
2022-07-20 00:00:00-04:00,152.98199462890625
2022-07-21 00:00:00-04:00,153.5196533203125
2022-07-22 00:00:00-04:00,154.24559020996094
2022-07-25 00:00:00-04:00,154.55026245117188
2022-07-26 00:00:00-04:00,155.64356994628906
2022-07-27 00:00:00-04:00,155.2134246826172
2022-07-28 00:00:00-04:00,156.1095428466797
2022-07-29 00:00:00-04:00,156.39634704589844
2022-08-01 00:00:00-04:00,155.84971618652344
2022-08-02 00:00:00-04:00,154.96249389648438
2022-08-03 00:00:00-04:00,156.4590606689453
2022-08-04 00:00:00-04:00,153.94984436035156
2022-08-05 00:00:00-04:00,153.3404541015625
2022-08-08 00:00:00-04:00,152.52499389648438
2022-08-09 00:00:00-04:00,152.5070343017578
2022-08-10 00:00:00-04:00,152.94613647460938
2022-08-11 00:00:00-04:00,149.78273010253906
2022-08-12 00:00:00-04:00,148.1337890625
2022-08-15 00:00:00-04:00,148.84173583984375
2022-08-16 00:00:00-04:00,150.1680908203125
2022-08-17 00:00:00-04:00,150.1770477294922
2022-08-18 00:00:00-04:00,149.45115661621094
2022-08-19 00:00:00-04:00,151.7274169921875
2022-08-22 00:00:00-04:00,151.19509887695312
2022-08-23 00:00:00-04:00,149.87791442871094
2022-08-24 00:00:00-04:00,149.3817596435547
2022-08-25 00:00:00-04:00,150.78012084960938
2022-08-26 00:00:00-04:00,148.1999053955078
2022-08-29 00:00:00-04:00,147.05413818359375
2022-08-30 00:00:00-04:00,146.53988647460938
2022-08-31 00:00:00-04:00,145.5565185546875
2022-09-01 00:00:00-04:00,149.16519165039062
2022-09-02 00:00:00-04:00,146.819580078125
2022-09-06 00:00:00-04:00,147.21652221679688
2022-09-07 00:00:00-04:00,148.0194854736328
2022-09-08 00:00:00-04:00,149.21031188964844
2022-09-09 00:00:00-04:00,149.49903869628906
2022-09-12 00:00:00-04:00,149.4358673095703
2022-09-13 00:00:00-04:00,145.54750061035156
2022-09-14 00:00:00-04:00,148.5517120361328
2022-09-15 00:00:00-04:00,148.93064880371094
2022-09-16 00:00:00-04:00,151.20413208007812
2022-09-19 00:00:00-04:00,150.01324462890625
2022-09-20 00:00:00-04:00,148.83143615722656
2022-09-21 00:00:00-04:00,147.30674743652344
2022-09-22 00:00:00-04:00,149.9230194091797
2022-09-23 00:00:00-04:00,150.4102325439453
2022-09-26 00:00:00-04:00,149.49000549316406
2022-09-27 00:00:00-04:00,148.80438232421875
2022-09-28 00:00:00-04:00,150.08544921875
2022-09-29 00:00:00-04:00,148.4344482421875
2022-09-30 00:00:00-04:00,147.37892150878906
2022-10-03 00:00:00-04:00,147.23458862304688
2022-10-04 00:00:00-04:00,149.4178009033203
2022-10-05 00:00:00-04:00,148.9577178955078
2022-10-06 00:00:00-04:00,146.0707550048828
2022-10-07 00:00:00-04:00,144.52804565429688
2022-10-10 00:00:00-04:00,144.71749877929688
2022-10-11 00:00:00-04:00,146.81053161621094
2022-10-12 00:00:00-04:00,146.77447509765625
2022-10-13 00:00:00-04:00,148.99380493164062
2022-10-14 00:00:00-04:00,148.37127685546875
2022-10-17 00:00:00-04:00,150.2929229736328
2022-10-18 00:00:00-04:00,149.76966857910156
2022-10-19 00:00:00-04:00,148.57884216308594
2022-10-20 00:00:00-04:00,148.9577178955078
2022-10-21 00:00:00-04:00,152.20553588867188
2022-10-24 00:00:00-04:00,154.25344848632812
2022-10-25 00:00:00-04:00,154.00985717773438
2022-10-26 00:00:00-04:00,155.36317443847656
2022-10-27 00:00:00-04:00,155.453369140625
2022-10-28 00:00:00-04:00,157.76292419433594
2022-10-31 00:00:00-04:00,156.9509735107422
2022-11-01 00:00:00-04:00,156.15704345703125
2022-11-02 00:00:00-04:00,153.7572479248047
2022-11-03 00:00:00-04:00,154.01890563964844
2022-11-04 00:00:00-04:00,154.70455932617188
2022-11-07 00:00:00-05:00,156.05783081054688
2022-11-08 00:00:00-05:00,156.83367919921875
2022-11-09 00:00:00-05:00,155.57965087890625
2022-11-10 00:00:00-05:00,157.40206909179688
2022-11-11 00:00:00-05:00,152.6927032470703
2022-11-14 00:00:00-05:00,155.0924835205078
2022-11-15 00:00:00-05:00,155.52554321289062
2022-11-16 00:00:00-05:00,156.4908447265625
2022-11-17 00:00:00-05:00,157.75387573242188
2022-11-18 00:00:00-05:00,158.9628143310547
2022-11-21 00:00:00-05:00,159.78001403808594
2022-11-22 00:00:00-05:00,160.5518035888672
2022-11-23 00:00:00-05:00,160.7243194580078
2022-11-25 00:00:00-05:00,160.9331817626953
2022-11-28 00:00:00-05:00,161.01486206054688
2022-11-29 00:00:00-05:00,159.8889617919922
2022-11-30 00:00:00-05:00,161.6232452392578
2022-12-01 00:00:00-05:00,162.295166015625
2022-12-02 00:00:00-05:00,162.42230224609375
2022-12-05 00:00:00-05:00,162.33148193359375
2022-12-06 00:00:00-05:00,159.89804077148438
2022-12-07 00:00:00-05:00,160.8695831298828
2022-12-08 00:00:00-05:00,160.89683532714844
2022-12-09 00:00:00-05:00,159.57118225097656
2022-12-12 00:00:00-05:00,161.4779815673828
2022-12-13 00:00:00-05:00,162.721923828125
2022-12-14 00:00:00-05:00,163.22128295898438
2022-12-15 00:00:00-05:00,161.16018676757812
2022-12-16 00:00:00-05:00,159.50758361816406
2022-12-19 00:00:00-05:00,159.3350830078125
2022-12-20 00:00:00-05:00,159.50758361816406
2022-12-21 00:00:00-05:00,161.33270263671875
2022-12-22 00:00:00-05:00,160.7425079345703
2022-12-23 00:00:00-05:00,161.15106201171875
2022-12-27 00:00:00-05:00,161.10569763183594
2022-12-28 00:00:00-05:00,160.4065399169922
2022-12-29 00:00:00-05:00,161.22372436523438
2022-12-30 00:00:00-05:00,160.39743041992188
2023-01-03 00:00:00-05:00,161.79574584960938
2023-01-04 00:00:00-05:00,163.5572967529297
2023-01-05 00:00:00-05:00,162.34962463378906
2023-01-06 00:00:00-05:00,163.66624450683594
2023-01-09 00:00:00-05:00,159.42588806152344
2023-01-10 00:00:00-05:00,159.0445098876953
2023-01-11 00:00:00-05:00,158.79029846191406
2023-01-12 00:00:00-05:00,157.9912872314453
2023-01-13 00:00:00-05:00,157.47369384765625
2023-01-17 00:00:00-05:00,156.5021209716797
2023-01-18 00:00:00-05:00,154.141357421875
2023-01-19 00:00:00-05:00,153.9324951171875
2023-01-20 00:00:00-05:00,153.2152099609375
2023-01-23 00:00:00-05:00,152.82473754882812
2023-01-24 00:00:00-05:00,152.82473754882812
2023-01-25 00:00:00-05:00,153.91436767578125
2023-01-26 00:00:00-05:00,153.3513946533203
2023-01-27 00:00:00-05:00,152.7521209716797
2023-01-30 00:00:00-05:00,147.09530639648438
2023-01-31 00:00:00-05:00,148.38465881347656
2023-02-01 00:00:00-05:00,149.74664306640625
2023-02-02 00:00:00-05:00,150.30960083007812
2023-02-03 00:00:00-05:00,149.46519470214844
2023-02-06 00:00:00-05:00,148.33016967773438
2023-02-07 00:00:00-05:00,148.3665008544922
2023-02-08 00:00:00-05:00,148.55718994140625
2023-02-09 00:00:00-05:00,146.55050659179688
2023-02-10 00:00:00-05:00,147.23150634765625
2023-02-13 00:00:00-05:00,147.77630615234375
2023-02-14 00:00:00-05:00,147.13160705566406
2023-02-15 00:00:00-05:00,144.70726013183594
2023-02-16 00:00:00-05:00,143.6812286376953
2023-02-17 00:00:00-05:00,146.6808624267578
2023-02-21 00:00:00-05:00,144.49517822265625
2023-02-22 00:00:00-05:00,144.29397583007812
2023-02-23 00:00:00-05:00,144.2482147216797
2023-02-24 00:00:00-05:00,142.63870239257812
2023-02-27 00:00:00-05:00,142.32774353027344
2023-02-28 00:00:00-05:00,140.1603240966797
2023-03-01 00:00:00-05:00,139.529296875
2023-03-02 00:00:00-05:00,139.4195556640625
2023-03-03 00:00:00-05:00,140.85536193847656
2023-03-06 00:00:00-05:00,142.26373291015625
2023-03-07 00:00:00-05:00,140.9193572998047
2023-03-08 00:00:00-05:00,139.885986328125
2023-03-09 00:00:00-05:00,138.31297302246094
2023-03-10 00:00:00-05:00,138.65135192871094
2023-03-13 00:00:00-04:00,139.97740173339844
2023-03-14 00:00:00-04:00,140.76390075683594
2023-03-15 00:00:00-04:00,141.15713500976562
2023-03-16 00:00:00-04:00,140.86447143554688
2023-03-17 00:00:00-04:00,139.3555145263672
2023-03-20 00:00:00-04:00,140.73646545410156
2023-03-21 00:00:00-04:00,140.73646545410156
2023-03-22 00:00:00-04:00,138.13919067382812
2023-03-23 00:00:00-04:00,138.21237182617188
2023-03-24 00:00:00-04:00,139.60244750976562
2023-03-27 00:00:00-04:00,140.1968994140625
2023-03-28 00:00:00-04:00,138.8434295654297
2023-03-29 00:00:00-04:00,140.2060546875
2023-03-30 00:00:00-04:00,140.31578063964844
2023-03-31 00:00:00-04:00,141.75160217285156
2023-04-03 00:00:00-04:00,143.4434814453125
2023-04-04 00:00:00-04:00,144.9432830810547
2023-04-05 00:00:00-04:00,151.45469665527344
2023-04-06 00:00:00-04:00,151.03402709960938
2023-04-10 00:00:00-04:00,150.27499389648438
2023-04-11 00:00:00-04:00,150.229248046875
2023-04-12 00:00:00-04:00,149.90916442871094
2023-04-13 00:00:00-04:00,151.9119873046875
2023-04-14 00:00:00-04:00,151.6650390625
2023-04-17 00:00:00-04:00,151.50958251953125
2023-04-18 00:00:00-04:00,147.24790954589844
2023-04-19 00:00:00-04:00,148.63800048828125
2023-04-20 00:00:00-04:00,149.59823608398438
2023-04-21 00:00:00-04:00,148.78431701660156
2023-04-24 00:00:00-04:00,149.68968200683594
2023-04-25 00:00:00-04:00,151.06146240234375
2023-04-26 00:00:00-04:00,148.72027587890625
2023-04-27 00:00:00-04:00,149.0678253173828
2023-04-28 00:00:00-04:00,149.7079620361328
2023-05-01 00:00:00-04:00,149.61651611328125
2023-05-02 00:00:00-04:00,150.92430114746094
2023-05-03 00:00:00-04:00,148.9489288330078
2023-05-04 00:00:00-04:00,148.27215576171875
2023-05-05 00:00:00-04:00,148.77513122558594
2023-05-08 00:00:00-04:00,148.436767578125
2023-05-09 00:00:00-04:00,147.28448486328125
2023-05-10 00:00:00-04:00,147.8331756591797
2023-05-11 00:00:00-04:00,147.2296142578125
2023-05-12 00:00:00-04:00,147.03756713867188
2023-05-15 00:00:00-04:00,145.91265869140625
2023-05-16 00:00:00-04:00,145.7206573486328
2023-05-17 00:00:00-04:00,145.40057373046875
2023-05-18 00:00:00-04:00,144.93414306640625
2023-05-19 00:00:00-04:00,145.32737731933594
2023-05-22 00:00:00-04:00,144.54415893554688
2023-05-23 00:00:00-04:00,144.48890686035156
2023-05-24 00:00:00-04:00,144.3506622314453
2023-05-25 00:00:00-04:00,142.27748107910156
2023-05-26 00:00:00-04:00,142.22216796875
2023-05-30 00:00:00-04:00,142.24058532714844
2023-05-31 00:00:00-04:00,142.8763885498047
2023-06-01 00:00:00-04:00,142.3972625732422
2023-06-02 00:00:00-04:00,144.63632202148438
2023-06-05 00:00:00-04:00,145.88027954101562
2023-06-06 00:00:00-04:00,145.751220703125
2023-06-07 00:00:00-04:00,146.0645294189453
2023-06-08 00:00:00-04:00,147.66778564453125
2023-06-09 00:00:00-04:00,147.43743896484375
2023-06-12 00:00:00-04:00,147.33607482910156
2023-06-13 00:00:00-04:00,148.11007690429688
2023-06-14 00:00:00-04:00,148.8656768798828
2023-06-15 00:00:00-04:00,150.8651580810547
2023-06-16 00:00:00-04:00,151.32586669921875
2023-06-20 00:00:00-04:00,151.23373413085938
2023-06-21 00:00:00-04:00,151.00338745117188
2023-06-22 00:00:00-04:00,152.60665893554688
2023-06-23 00:00:00-04:00,152.47763061523438
2023-06-26 00:00:00-04:00,150.77304077148438
2023-06-27 00:00:00-04:00,150.45973205566406
2023-06-28 00:00:00-04:00,150.15567016601562
2023-06-29 00:00:00-04:00,151.20606994628906
2023-06-30 00:00:00-04:00,152.51454162597656
2023-07-03 00:00:00-04:00,150.5150146484375
2023-07-05 00:00:00-04:00,150.01744079589844
2023-07-06 00:00:00-04:00,148.90252685546875
2023-07-07 00:00:00-04:00,146.73716735839844
2023-07-10 00:00:00-04:00,146.9767303466797
2023-07-11 00:00:00-04:00,146.1658935546875
2023-07-12 00:00:00-04:00,145.6591033935547
2023-07-13 00:00:00-04:00,146.3317413330078
2023-07-14 00:00:00-04:00,147.30844116210938
2023-07-17 00:00:00-04:00,146.5713348388672
2023-07-18 00:00:00-04:00,146.5620880126953
2023-07-19 00:00:00-04:00,146.26724243164062
2023-07-20 00:00:00-04:00,155.14979553222656
2023-07-21 00:00:00-04:00,156.81756591796875
2023-07-24 00:00:00-04:00,157.63763427734375
2023-07-25 00:00:00-04:00,158.84471130371094
2023-07-26 00:00:00-04:00,159.14878845214844
2023-07-27 00:00:00-04:00,160.0425567626953
2023-07-28 00:00:00-04:00,160.77049255371094
2023-07-31 00:00:00-04:00,154.3665771484375
2023-08-01 00:00:00-04:00,155.6197052001953
2023-08-02 00:00:00-04:00,156.5595703125
2023-08-03 00:00:00-04:00,157.2322235107422
2023-08-04 00:00:00-04:00,155.75791931152344
2023-08-07 00:00:00-04:00,159.4989471435547
2023-08-08 00:00:00-04:00,159.57261657714844
2023-08-09 00:00:00-04:00,159.47129821777344
2023-08-10 00:00:00-04:00,158.6420135498047
2023-08-11 00:00:00-04:00,160.19000244140625
2023-08-14 00:00:00-04:00,159.81219482421875
2023-08-15 00:00:00-04:00,159.35150146484375
2023-08-16 00:00:00-04:00,158.84471130371094
2023-08-17 00:00:00-04:00,160.3374481201172
2023-08-18 00:00:00-04:00,158.93685913085938
2023-08-21 00:00:00-04:00,154.20074462890625
2023-08-22 00:00:00-04:00,152.97523498535156
2023-08-23 00:00:00-04:00,151.60227966308594
2023-08-24 00:00:00-04:00,152.11830139160156
2023-08-25 00:00:00-04:00,154.29940795898438
2023-08-28 00:00:00-04:00,152.48025512695312
2023-08-29 00:00:00-04:00,152.49884033203125
2023-08-30 00:00:00-04:00,151.96051025390625
2023-08-31 00:00:00-04:00,150.05787658691406
2023-09-01 00:00:00-04:00,148.94412231445312
2023-09-05 00:00:00-04:00,149.12974548339844
2023-09-06 00:00:00-04:00,146.65170288085938
2023-09-07 00:00:00-04:00,148.52647399902344
2023-09-08 00:00:00-04:00,149.0183868408203
2023-09-11 00:00:00-04:00,150.96743774414062
2023-09-12 00:00:00-04:00,151.82130432128906
2023-09-13 00:00:00-04:00,152.20181274414062
2023-09-14 00:00:00-04:00,151.96978759765625
2023-09-15 00:00:00-04:00,149.84437561035156
2023-09-18 00:00:00-04:00,150.7910919189453
2023-09-19 00:00:00-04:00,150.54049682617188
2023-09-20 00:00:00-04:00,151.199462890625
2023-09-21 00:00:00-04:00,150.039306640625
2023-09-22 00:00:00-04:00,148.96267700195312
2023-09-25 00:00:00-04:00,148.73992919921875
2023-09-26 00:00:00-04:00,147.58909606933594
2023-09-27 00:00:00-04:00,145.81637573242188
2023-09-28 00:00:00-04:00,145.60292053222656
2023-09-29 00:00:00-04:00,144.55413818359375
2023-10-02 00:00:00-04:00,143.9972381591797
2023-10-03 00:00:00-04:00,144.17364501953125
2023-10-04 00:00:00-04:00,144.3406982421875
2023-10-05 00:00:00-04:00,145.84423828125
2023-10-06 00:00:00-04:00,146.30828857421875
2023-10-09 00:00:00-04:00,147.14358520507812
2023-10-10 00:00:00-04:00,146.97654724121094
2023-10-11 00:00:00-04:00,144.95323181152344
2023-10-12 00:00:00-04:00,145.09246826171875
2023-10-13 00:00:00-04:00,145.57508850097656
2023-10-16 00:00:00-04:00,146.2062225341797
2023-10-17 00:00:00-04:00,144.86972045898438
2023-10-18 00:00:00-04:00,141.75125122070312
2023-10-19 00:00:00-04:00,141.3707275390625
2023-10-20 00:00:00-04:00,142.00181579589844
2023-10-23 00:00:00-04:00,140.50755310058594
2023-10-24 00:00:00-04:00,140.35903930664062
2023-10-25 00:00:00-04:00,140.6746368408203
2023-10-26 00:00:00-04:00,138.2893524169922
2023-10-27 00:00:00-04:00,135.13377380371094
2023-10-30 00:00:00-04:00,136.46096801757812
2023-10-31 00:00:00-04:00,137.6768035888672
2023-11-01 00:00:00-04:00,138.00164794921875
2023-11-02 00:00:00-04:00,139.4402313232422
2023-11-03 00:00:00-04:00,140.46115112304688
2023-11-06 00:00:00-05:00,140.79527282714844
2023-11-07 00:00:00-05:00,140.05279541015625
2023-11-08 00:00:00-05:00,139.54232788085938
2023-11-09 00:00:00-05:00,136.8229522705078
2023-11-10 00:00:00-05:00,136.6651611328125
2023-11-13 00:00:00-05:00,137.017822265625
2023-11-14 00:00:00-05:00,137.04568481445312
2023-11-15 00:00:00-05:00,138.103759765625
2023-11-16 00:00:00-05:00,139.31028747558594
2023-11-17 00:00:00-05:00,139.02256774902344
2023-11-20 00:00:00-05:00,140.24813842773438
2023-11-21 00:00:00-05:00,141.38014221191406
2023-11-22 00:00:00-05:00,141.09950256347656
2023-11-24 00:00:00-05:00,142.67123413085938
2023-11-27 00:00:00-05:00,141.5298309326172
2023-11-28 00:00:00-05:00,141.8572998046875
2023-11-29 00:00:00-05:00,142.3063507080078
2023-11-30 00:00:00-05:00,144.69198608398438
2023-12-01 00:00:00-05:00,148.17225646972656
2023-12-04 00:00:00-05:00,148.6400146484375
2023-12-05 00:00:00-05:00,148.33131408691406
2023-12-06 00:00:00-05:00,146.5256805419922
2023-12-07 00:00:00-05:00,145.38429260253906
2023-12-08 00:00:00-05:00,144.4674530029297
2023-12-11 00:00:00-05:00,145.06622314453125
2023-12-12 00:00:00-05:00,145.0756072998047
2023-12-13 00:00:00-05:00,145.74916076660156
2023-12-14 00:00:00-05:00,146.7595672607422
2023-12-15 00:00:00-05:00,145.1597900390625
2023-12-18 00:00:00-05:00,145.4217071533203
2023-12-19 00:00:00-05:00,146.37599182128906
2023-12-20 00:00:00-05:00,143.3916015625
2023-12-21 00:00:00-05:00,144.8603973388672
2023-12-22 00:00:00-05:00,145.4404296875
2023-12-26 00:00:00-05:00,146.07659912109375
2023-12-27 00:00:00-05:00,146.27305603027344
2023-12-28 00:00:00-05:00,146.48825073242188
2023-12-29 00:00:00-05:00,146.63795471191406
2024-01-02 00:00:00-05:00,149.65977478027344
2024-01-03 00:00:00-05:00,150.59530639648438
2024-01-04 00:00:00-05:00,150.27725219726562
2024-01-05 00:00:00-05:00,150.74502563476562
2024-01-08 00:00:00-05:00,151.1192169189453
2024-01-09 00:00:00-05:00,151.21278381347656
2024-01-10 00:00:00-05:00,151.4373016357422
2024-01-11 00:00:00-05:00,150.76370239257812
2024-01-12 00:00:00-05:00,151.9237823486328
2024-01-16 00:00:00-05:00,150.17431640625
2024-01-17 00:00:00-05:00,150.09011840820312
2024-01-18 00:00:00-05:00,150.81985473632812
2024-01-19 00:00:00-05:00,151.25953674316406
2024-01-22 00:00:00-05:00,151.99864196777344
2024-01-23 00:00:00-05:00,149.5100860595703
2024-01-24 00:00:00-05:00,148.71487426757812
2024-01-25 00:00:00-05:00,149.2761688232422
2024-01-26 00:00:00-05:00,149.2200469970703
2024-01-29 00:00:00-05:00,149.08905029296875
2024-01-30 00:00:00-05:00,148.53712463378906
2024-01-31 00:00:00-05:00,148.6587371826172
2024-02-01 00:00:00-05:00,148.15354919433594
2024-02-02 00:00:00-05:00,146.5163116455078
2024-02-05 00:00:00-05:00,145.75852966308594
2024-02-06 00:00:00-05:00,147.87286376953125
2024-02-07 00:00:00-05:00,147.7980194091797
2024-02-08 00:00:00-05:00,146.31985473632812
2024-02-09 00:00:00-05:00,146.6566619873047
2024-02-12 00:00:00-05:00,147.67640686035156
2024-02-13 00:00:00-05:00,146.38534545898438
2024-02-14 00:00:00-05:00,145.702392578125
2024-02-15 00:00:00-05:00,147.7418975830078
2024-02-16 00:00:00-05:00,147.5722198486328
2024-02-20 00:00:00-05:00,148.8070831298828
2024-02-21 00:00:00-05:00,149.58006286621094
2024-02-22 00:00:00-05:00,151.24855041503906
2024-02-23 00:00:00-05:00,152.558837890625
2024-02-26 00:00:00-05:00,151.5690460205078
2024-02-27 00:00:00-05:00,151.74813842773438
2024-02-28 00:00:00-05:00,152.28546142578125
2024-02-29 00:00:00-05:00,152.12522888183594
2024-03-01 00:00:00-05:00,152.82278442382812
2024-03-04 00:00:00-05:00,150.6735382080078
2024-03-05 00:00:00-05:00,150.7960968017578
2024-03-06 00:00:00-05:00,150.2022247314453
2024-03-07 00:00:00-05:00,149.75917053222656
2024-03-08 00:00:00-05:00,150.37191772460938
2024-03-11 00:00:00-04:00,151.9838104248047
2024-03-12 00:00:00-04:00,153.40724182128906
2024-03-13 00:00:00-04:00,151.8612823486328
2024-03-14 00:00:00-04:00,150.07968139648438
2024-03-15 00:00:00-04:00,149.1087188720703
2024-03-18 00:00:00-04:00,147.77017211914062
2024-03-19 00:00:00-04:00,147.25172424316406
2024-03-20 00:00:00-04:00,146.8275146484375
2024-03-21 00:00:00-04:00,146.81808471679688
2024-03-22 00:00:00-04:00,146.32791137695312
2024-03-25 00:00:00-04:00,146.3184814453125
2024-03-26 00:00:00-04:00,146.83694458007812
2024-03-27 00:00:00-04:00,148.9013671875
2024-03-28 00:00:00-04:00,149.11817932128906
2024-04-01 00:00:00-04:00,148.731689453125
2024-04-02 00:00:00-04:00,148.6845245361328
2024-04-03 00:00:00-04:00,145.41351318359375
2024-04-04 00:00:00-04:00,143.75448608398438
2024-04-05 00:00:00-04:00,143.65077209472656
2024-04-08 00:00:00-04:00,142.8966522216797
2024-04-09 00:00:00-04:00,143.55650329589844
2024-04-10 00:00:00-04:00,141.5863800048828
2024-04-11 00:00:00-04:00,140.2572479248047
2024-04-12 00:00:00-04:00,139.06004333496094
2024-04-15 00:00:00-04:00,139.1260528564453
2024-04-16 00:00:00-04:00,136.16610717773438
2024-04-17 00:00:00-04:00,136.4677734375
2024-04-18 00:00:00-04:00,137.38214111328125
2024-04-19 00:00:00-04:00,139.42770385742188
2024-04-22 00:00:00-04:00,140.5683135986328
2024-04-23 00:00:00-04:00,140.98306274414062
2024-04-24 00:00:00-04:00,140.01214599609375
2024-04-25 00:00:00-04:00,138.40020751953125
2024-04-26 00:00:00-04:00,137.75918579101562
2024-04-29 00:00:00-04:00,138.40020751953125
2024-04-30 00:00:00-04:00,136.29808044433594
2024-05-01 00:00:00-04:00,142.51016235351562
2024-05-02 00:00:00-04:00,141.3224334716797
2024-05-03 00:00:00-04:00,140.709716796875
2024-05-06 00:00:00-04:00,140.0592803955078
2024-05-07 00:00:00-04:00,140.1912384033203
2024-05-08 00:00:00-04:00,140.40805053710938
2024-05-09 00:00:00-04:00,141.2564239501953
2024-05-10 00:00:00-04:00,141.31300354003906
2024-05-13 00:00:00-04:00,142.54788208007812
2024-05-14 00:00:00-04:00,142.69869995117188
2024-05-15 00:00:00-04:00,143.91473388671875
2024-05-16 00:00:00-04:00,145.43238830566406
2024-05-17 00:00:00-04:00,145.77175903320312
2024-05-20 00:00:00-04:00,143.74766540527344
2024-05-21 00:00:00-04:00,143.71917724609375
2024-05-22 00:00:00-04:00,145.8667755126953
2024-05-23 00:00:00-04:00,142.2557373046875
2024-05-24 00:00:00-04:00,139.6614990234375
2024-05-28 00:00:00-04:00,137.20028686523438
2024-05-29 00:00:00-04:00,137.25729370117188
2024-05-30 00:00:00-04:00,138.05552673339844
2024-05-31 00:00:00-04:00,139.3764190673828
2024-06-03 00:00:00-04:00,140.39321899414062
2024-06-04 00:00:00-04:00,140.45022583007812
2024-06-05 00:00:00-04:00,138.71124267578125
2024-06-06 00:00:00-04:00,139.1388397216797
2024-06-07 00:00:00-04:00,139.76602172851562
2024-06-10 00:00:00-04:00,139.81353759765625
2024-06-11 00:00:00-04:00,139.46194458007812
2024-06-12 00:00:00-04:00,138.17909240722656
2024-06-13 00:00:00-04:00,138.21710205078125
2024-06-14 00:00:00-04:00,138.3026123046875
2024-06-17 00:00:00-04:00,138.69223022460938
2024-06-18 00:00:00-04:00,138.40711975097656
2024-06-20 00:00:00-04:00,140.4312286376953
2024-06-21 00:00:00-04:00,141.35299682617188
2024-06-24 00:00:00-04:00,141.70458984375
2024-06-25 00:00:00-04:00,139.87057495117188
2024-06-26 00:00:00-04:00,139.51895141601562
2024-06-27 00:00:00-04:00,138.54966735839844
2024-06-28 00:00:00-04:00,138.8917694091797
2024-07-01 00:00:00-04:00,139.15786743164062
2024-07-02 00:00:00-04:00,138.76824951171875
2024-07-03 00:00:00-04:00,138.44515991210938
2024-07-05 00:00:00-04:00,139.1958770751953
2024-07-08 00:00:00-04:00,138.24557495117188
2024-07-09 00:00:00-04:00,139.73751831054688
2024-07-10 00:00:00-04:00,141.99916076660156
2024-07-11 00:00:00-04:00,142.2557373046875
2024-07-12 00:00:00-04:00,142.4268035888672
2024-07-15 00:00:00-04:00,141.81863403320312
2024-07-16 00:00:00-04:00,143.50059509277344
2024-07-17 00:00:00-04:00,148.7936248779297
2024-07-18 00:00:00-04:00,147.6912841796875
2024-07-19 00:00:00-04:00,146.9976043701172
2024-07-22 00:00:00-04:00,146.56997680664062
2024-07-23 00:00:00-04:00,144.77398681640625
2024-07-24 00:00:00-04:00,148.50852966308594
2024-07-25 00:00:00-04:00,151.70144653320312
2024-07-26 00:00:00-04:00,152.6517333984375
2024-07-29 00:00:00-04:00,150.67515563964844
2024-07-30 00:00:00-04:00,153.30738830566406
2024-07-31 00:00:00-04:00,150.0004425048828
2024-08-01 00:00:00-04:00,152.76573181152344
2024-08-02 00:00:00-04:00,155.9776611328125
2024-08-05 00:00:00-04:00,153.2313690185547
2024-08-06 00:00:00-04:00,151.0647735595703
2024-08-07 00:00:00-04:00,150.9982452392578
2024-08-08 00:00:00-04:00,152.25259399414062
2024-08-09 00:00:00-04:00,152.63270568847656
2024-08-12 00:00:00-04:00,151.92953491210938
2024-08-13 00:00:00-04:00,150.5135955810547
2024-08-14 00:00:00-04:00,150.59912109375
2024-08-15 00:00:00-04:00,151.17880249023438
2024-08-16 00:00:00-04:00,151.46388244628906
2024-08-19 00:00:00-04:00,151.6919708251953
2024-08-20 00:00:00-04:00,152.1956024169922
2024-08-21 00:00:00-04:00,153.4024200439453
2024-08-22 00:00:00-04:00,154.2766876220703
2024-08-23 00:00:00-04:00,155.96817016601562
2024-08-26 00:00:00-04:00,156.42430114746094
2024-08-27 00:00:00-04:00,156.02215576171875
2024-08-28 00:00:00-04:00,156.9508819580078
2024-08-29 00:00:00-04:00,157.24771118164062
2024-08-30 00:00:00-04:00,158.80844116210938
2024-09-03 00:00:00-04:00,160.0531768798828
2024-09-04 00:00:00-04:00,160.24465942382812
2024-09-05 00:00:00-04:00,157.9754180908203
2024-09-06 00:00:00-04:00,157.39137268066406
2024-09-09 00:00:00-04:00,159.5265350341797
2024-09-10 00:00:00-04:00,160.26382446289062
2024-09-11 00:00:00-04:00,157.81263732910156
2024-09-12 00:00:00-04:00,157.6403045654297
2024-09-13 00:00:00-04:00,158.48287963867188
2024-09-16 00:00:00-04:00,159.89039611816406
2024-09-17 00:00:00-04:00,159.9669952392578
2024-09-18 00:00:00-04:00,159.0861053466797
2024-09-19 00:00:00-04:00,157.81263732910156
2024-09-20 00:00:00-04:00,157.1807098388672
2024-09-23 00:00:00-04:00,156.28067016601562
2024-09-24 00:00:00-04:00,155.859375
2024-09-25 00:00:00-04:00,153.77207946777344
2024-09-26 00:00:00-04:00,154.52847290039062
2024-09-27 00:00:00-04:00,154.5380401611328
2024-09-30 00:00:00-04:00,155.16998291015625
2024-10-01 00:00:00-04:00,155.1029815673828
2024-10-02 00:00:00-04:00,154.31784057617188
2024-10-03 00:00:00-04:00,153.67630004882812
2024-10-04 00:00:00-04:00,153.47525024414062
2024-10-07 00:00:00-04:00,152.74755859375
2024-10-08 00:00:00-04:00,152.90074157714844
2024-10-09 00:00:00-04:00,153.8199462890625
2024-10-10 00:00:00-04:00,153.68588256835938
2024-10-11 00:00:00-04:00,154.5955047607422
2024-10-14 00:00:00-04:00,154.7295379638672
2024-10-15 00:00:00-04:00,157.1232452392578
2024-10-16 00:00:00-04:00,157.2956085205078
2024-10-17 00:00:00-04:00,157.47750854492188
2024-10-18 00:00:00-04:00,158.09988403320312
2024-10-21 00:00:00-04:00,155.9072723388672
2024-10-22 00:00:00-04:00,156.50088500976562
2024-10-23 00:00:00-04:00,158.80844116210938
2024-10-24 00:00:00-04:00,156.71153259277344
2024-10-25 00:00:00-04:00,154.0401611328125
2024-10-28 00:00:00-04:00,154.7295379638672
2024-10-29 00:00:00-04:00,153.2837371826172
2024-10-30 00:00:00-04:00,153.78163146972656
2024-10-31 00:00:00-04:00,153.06353759765625
2024-11-01 00:00:00-04:00,153.32203674316406
2024-11-04 00:00:00-05:00,151.5124053955078
2024-11-05 00:00:00-05:00,151.6177215576172
2024-11-06 00:00:00-05:00,151.16770935058594
2024-11-07 00:00:00-05:00,150.0666046142578
2024-11-08 00:00:00-05:00,148.86016845703125
2024-11-11 00:00:00-05:00,148.4484405517578
2024-11-12 00:00:00-05:00,146.15048217773438
2024-11-13 00:00:00-05:00,146.7249755859375
2024-11-14 00:00:00-05:00,145.41322326660156
2024-11-15 00:00:00-05:00,147.45266723632812
2024-11-18 00:00:00-05:00,148.18994140625
2024-11-19 00:00:00-05:00,146.49517822265625
2024-11-20 00:00:00-05:00,146.6005096435547
2024-11-21 00:00:00-05:00,148.8888702392578
2024-11-22 00:00:00-05:00,148.57290649414062
2024-11-25 00:00:00-05:00,149.15699768066406
2024-11-26 00:00:00-05:00,149.1376953125
2024-11-27 00:00:00-05:00,149.9870147705078
2024-11-29 00:00:00-05:00,149.61061096191406
2024-12-02 00:00:00-05:00,149.40794372558594
2024-12-03 00:00:00-05:00,147.0529327392578
2024-12-04 00:00:00-05:00,145.228759765625
2024-12-05 00:00:00-05:00,144.3118438720703
2024-12-06 00:00:00-05:00,144.10914611816406
2024-12-09 00:00:00-05:00,144.38906860351562
2024-12-10 00:00:00-05:00,144.0319366455078
2024-12-11 00:00:00-05:00,141.53216552734375
2024-12-12 00:00:00-05:00,141.14610290527344
2024-12-13 00:00:00-05:00,141.51284790039062
2024-12-16 00:00:00-05:00,138.83937072753906
2024-12-17 00:00:00-05:00,141.3101806640625
2024-12-18 00:00:00-05:00,139.70799255371094
2024-12-19 00:00:00-05:00,138.5787811279297
2024-12-20 00:00:00-05:00,139.437744140625
2024-12-23 00:00:00-05:00,140.2098846435547
2024-12-24 00:00:00-05:00,140.76968383789062
2024-12-26 00:00:00-05:00,140.5090789794922
2024-12-27 00:00:00-05:00,139.99754333496094
2024-12-30 00:00:00-05:00,138.34710693359375
2024-12-31 00:00:00-05:00,139.58251953125
2025-01-02 00:00:00-05:00,139.00341796875
2025-01-03 00:00:00-05:00,139.16749572753906
2025-01-06 00:00:00-05:00,138.6559600830078
2025-01-07 00:00:00-05:00,141.13644409179688
2025-01-08 00:00:00-05:00,137.31439208984375
2025-01-10 00:00:00-05:00,137.1116943359375
2025-01-13 00:00:00-05:00,139.437744140625
2025-01-14 00:00:00-05:00,139.70799255371094
2025-01-15 00:00:00-05:00,139.9203338623047
2025-01-16 00:00:00-05:00,142.62281799316406
2025-01-17 00:00:00-05:00,141.9085693359375
2025-01-21 00:00:00-05:00,142.98956298828125
2025-01-22 00:00:00-05:00,140.2098846435547
2025-01-23 00:00:00-05:00,141.53216552734375
2025-01-24 00:00:00-05:00,141.7058868408203
2025-01-27 00:00:00-05:00,147.56446838378906
2025-01-28 00:00:00-05:00,145.1418914794922
2025-01-29 00:00:00-05:00,145.88507080078125
2025-01-30 00:00:00-05:00,147.54515075683594
2025-01-31 00:00:00-05:00,146.85023498535156
2025-02-03 00:00:00-05:00,146.5800018310547
2025-02-04 00:00:00-05:00,148.1435546875
2025-02-05 00:00:00-05:00,149.30177307128906
2025-02-06 00:00:00-05:00,148.16287231445312
2025-02-07 00:00:00-05:00,147.7864532470703
2025-02-10 00:00:00-05:00,148.86744689941406
2025-02-11 00:00:00-05:00,150.6916046142578
2025-02-12 00:00:00-05:00,149.85189819335938
2025-02-13 00:00:00-05:00,151.7725830078125
2025-02-14 00:00:00-05:00,150.71092224121094
2025-02-18 00:00:00-05:00,150.78875732421875
2025-02-19 00:00:00-05:00,153.61013793945312
2025-02-20 00:00:00-05:00,155.35159301757812
2025-02-21 00:00:00-05:00,157.9005889892578
2025-02-24 00:00:00-05:00,159.3015594482422
2025-02-25 00:00:00-05:00,161.5878448486328
2025-02-26 00:00:00-05:00,158.6594696044922
2025-02-27 00:00:00-05:00,159.29180908203125
2025-02-28 00:00:00-05:00,160.54685974121094
2025-03-03 00:00:00-05:00,162.74559020996094
2025-03-04 00:00:00-05:00,160.93600463867188
2025-03-05 00:00:00-05:00,160.64413452148438
2025-03-06 00:00:00-05:00,161.3348846435547
2025-03-07 00:00:00-05:00,162.17160034179688
2025-03-10 00:00:00-04:00,163.15420532226562
2025-03-11 00:00:00-04:00,161.36407470703125
2025-03-12 00:00:00-04:00,158.4356689453125
2025-03-13 00:00:00-04:00,158.5718994140625
2025-03-14 00:00:00-04:00,158.39675903320312
2025-03-17 00:00:00-04:00,158.4259490966797
2025-03-18 00:00:00-04:00,159.7977294921875
2025-03-19 00:00:00-04:00,158.5718994140625
2025-03-20 00:00:00-04:00,158.60107421875
2025-03-21 00:00:00-04:00,159.19454956054688
2025-03-24 00:00:00-04:00,158.86373901367188
2025-03-25 00:00:00-04:00,156.65528869628906
2025-03-26 00:00:00-04:00,157.3363037109375
2025-03-27 00:00:00-04:00,158.70809936523438
2025-03-28 00:00:00-04:00,159.27236938476562
2025-03-31 00:00:00-04:00,161.34463500976562
2025-04-01 00:00:00-04:00,149.0959014892578
2025-04-02 00:00:00-04:00,151.14869689941406
2025-04-03 00:00:00-04:00,155.48782348632812
2025-04-04 00:00:00-04:00,149.086181640625
2025-04-07 00:00:00-04:00,146.5371856689453
2025-04-08 00:00:00-04:00,145.9340057373047
2025-04-09 00:00:00-04:00,146.87771606445312
2025-04-10 00:00:00-04:00,144.65951538085938
2025-04-11 00:00:00-04:00,147.6171112060547
2025-04-14 00:00:00-04:00,150.17581176757812
2025-04-15 00:00:00-04:00,149.45587158203125
2025-04-16 00:00:00-04:00,149.738037109375
2025-04-17 00:00:00-04:00,153.20152282714844
2025-04-21 00:00:00-04:00,152.66641235351562
2025-04-22 00:00:00-04:00,153.4739227294922
2025-04-23 00:00:00-04:00,151.1681671142578
2025-04-24 00:00:00-04:00,150.7303466796875
2025-04-25 00:00:00-04:00,150.38986206054688
2025-04-28 00:00:00-04:00,151.1389923095703
2025-04-29 00:00:00-04:00,151.68380737304688
2025-04-30 00:00:00-04:00,152.0729522705078
2025-05-01 00:00:00-04:00,150.2731170654297
2025-05-02 00:00:00-04:00,151.8881072998047
2025-05-05 00:00:00-04:00,150.7984619140625
2025-05-06 00:00:00-04:00,150.2828369140625
2025-05-07 00:00:00-04:00,153.0361328125
2025-05-08 00:00:00-04:00,151.44058227539062
2025-05-09 00:00:00-04:00,150.03961181640625
2025-05-12 00:00:00-04:00,149.9617919921875
2025-05-13 00:00:00-04:00,144.4163055419922
2025-05-14 00:00:00-04:00,142.39266967773438
2025-05-15 00:00:00-04:00,145.55458068847656
2025-05-16 00:00:00-04:00,147.22796630859375
2025-05-19 00:00:00-04:00,148.35650634765625
2025-05-20 00:00:00-04:00,149.49478149414062
2025-05-21 00:00:00-04:00,149.02780151367188
2025-05-22 00:00:00-04:00,148.47325134277344
2025-05-23 00:00:00-04:00,148.7943115234375
2025-05-27 00:00:00-04:00,150.37408447265625
2025-05-28 00:00:00-04:00,149.5694580078125
2025-05-29 00:00:00-04:00,150.69789123535156
2025-05-30 00:00:00-04:00,152.2973175048828
2025-06-02 00:00:00-04:00,152.48373413085938
2025-06-03 00:00:00-04:00,151.52212524414062
2025-06-04 00:00:00-04:00,150.3446502685547
2025-06-05 00:00:00-04:00,150.77639770507812
2025-06-06 00:00:00-04:00,152.12069702148438
2025-06-09 00:00:00-04:00,152.31692504882812
2025-06-10 00:00:00-04:00,153.5140380859375
2025-06-11 00:00:00-04:00,152.3463592529297
2025-06-12 00:00:00-04:00,153.7200927734375
2025-06-13 00:00:00-04:00,154.15184020996094
2025-06-16 00:00:00-04:00,152.30712890625
2025-06-17 00:00:00-04:00,149.5204315185547
2025-06-18 00:00:00-04:00,147.90138244628906
2025-06-20 00:00:00-04:00,146.97901916503906
2025-06-23 00:00:00-04:00,148.48031616210938
2025-06-24 00:00:00-04:00,149.333984375
2025-06-25 00:00:00-04:00,149.42230224609375
2025-06-26 00:00:00-04:00,149.1573486328125
2025-06-27 00:00:00-04:00,149.5498504638672
2025-06-30 00:00:00-04:00,149.88348388671875
2025-07-01 00:00:00-04:00,152.9939727783203
2025-07-02 00:00:00-04:00,152.64073181152344
2025-07-03 00:00:00-04:00,153.08230590820312
2025-07-07 00:00:00-04:00,152.35618591308594
2025-07-08 00:00:00-04:00,152.86642456054688
2025-07-09 00:00:00-04:00,153.34722900390625
2025-07-10 00:00:00-04:00,154.7307586669922
2025-07-11 00:00:00-04:00,153.95558166503906
2025-07-14 00:00:00-04:00,153.87710571289062
2025-07-15 00:00:00-04:00,152.258056640625
2025-07-16 00:00:00-04:00,161.68771362304688
2025-07-17 00:00:00-04:00,159.92149353027344
2025-07-18 00:00:00-04:00,160.6279754638672
2025-07-21 00:00:00-04:00,161.2755889892578
2025-07-22 00:00:00-04:00,164.7786102294922
2025-07-23 00:00:00-04:00,165.92666625976562
2025-07-24 00:00:00-04:00,166.3780059814453
2025-07-25 00:00:00-04:00,165.14166259765625
2025-07-28 00:00:00-04:00,163.10069274902344
2025-07-29 00:00:00-04:00,164.95523071289062
2025-07-30 00:00:00-04:00,164.1211700439453
2025-07-31 00:00:00-04:00,161.64846801757812
2025-08-01 00:00:00-04:00,164.1898651123047
2025-08-04 00:00:00-04:00,167.83021545410156
2025-08-05 00:00:00-04:00,167.53587341308594
2025-08-06 00:00:00-04:00,167.388671875
2025-08-07 00:00:00-04:00,168.31103515625
2025-08-08 00:00:00-04:00,170.0772705078125
2025-08-11 00:00:00-04:00,170.55807495117188
2025-08-12 00:00:00-04:00,169.53758239746094
2025-08-13 00:00:00-04:00,171.1468048095703
2025-08-14 00:00:00-04:00,171.44117736816406
2025-08-15 00:00:00-04:00,173.3251495361328
2025-08-18 00:00:00-04:00,172.9424591064453
2025-08-19 00:00:00-04:00,174.46337890625
2025-08-20 00:00:00-04:00,175.48387145996094
2025-08-21 00:00:00-04:00,175.57217407226562
2025-08-22 00:00:00-04:00,175.9254150390625
2025-08-25 00:00:00-04:00,175.0619354248047
2025-08-26 00:00:00-04:00,174.44911193847656
2025-08-27 00:00:00-04:00,174.74562072753906
2025-08-28 00:00:00-04:00,173.421142578125
2025-08-29 00:00:00-04:00,175.12123107910156
2025-09-02 00:00:00-04:00,176.00094604492188
2025-09-03 00:00:00-04:00,175.94163513183594
2025-09-04 00:00:00-04:00,176.69285583496094
2025-09-05 00:00:00-04:00,176.3666534423828
2025-09-08 00:00:00-04:00,176.0701446533203
2025-09-09 00:00:00-04:00,174.91368103027344
2025-09-10 00:00:00-04:00,173.7572021484375
2025-09-11 00:00:00-04:00,176.43585205078125
2025-09-12 00:00:00-04:00,176.00094604492188
2025-09-15 00:00:00-04:00,175.34857177734375
2025-09-16 00:00:00-04:00,174.41946411132812
2025-09-17 00:00:00-04:00,175.15089416503906
2025-09-18 00:00:00-04:00,172.14605712890625
2025-09-19 00:00:00-04:00,174.152587890625
2025-09-22 00:00:00-04:00,172.1954803466797
2025-09-23 00:00:00-04:00,174.53805541992188
2025-09-24 00:00:00-04:00,174.6468048095703
2025-09-25 00:00:00-04:00,175.6747589111328
2025-09-26 00:00:00-04:00,177.6318817138672
2025-09-29 00:00:00-04:00,179.519775390625
2025-09-30 00:00:00-04:00,183.2758331298828
2025-10-01 00:00:00-04:00,183.8985595703125
2025-10-02 00:00:00-04:00,183.82936096191406
2025-10-03 00:00:00-04:00,186.45860290527344
2025-10-06 00:00:00-04:00,185.98416137695312
2025-10-07 00:00:00-04:00,186.70570373535156
2025-10-08 00:00:00-04:00,187.49647521972656
2025-10-09 00:00:00-04:00,188.87039184570312
2025-10-10 00:00:00-04:00,188.51455688476562
2025-10-13 00:00:00-04:00,188.6924591064453
2025-10-14 00:00:00-04:00,188.64305114746094
2025-10-15 00:00:00-04:00,188.9593505859375
2025-10-16 00:00:00-04:00,189.8983612060547
2025-10-17 00:00:00-04:00,190.9856414794922
2025-10-20 00:00:00-04:00,191.4798583984375
2025-10-21 00:00:00-04:00,189.66114807128906
2025-10-22 00:00:00-04:00,190.70889282226562
2025-10-23 00:00:00-04:00,190.2443084716797
2025-10-24 00:00:00-04:00,188.1982421875
2025-10-27 00:00:00-04:00,188.0994110107422
2025-10-28 00:00:00-04:00,184.76837158203125
2025-10-29 00:00:00-04:00,184.44219970703125
2025-10-30 00:00:00-04:00,186.86386108398438
2025-10-31 00:00:00-04:00,186.68594360351562
2025-11-03 00:00:00-05:00,184.1061248779297
2025-11-04 00:00:00-05:00,184.69918823242188
2025-11-05 00:00:00-05:00,183.84913635253906
2025-11-06 00:00:00-05:00,184.8079071044922
2025-11-07 00:00:00-05:00,184.4125518798828
2025-11-10 00:00:00-05:00,186.2312774658203
2025-11-11 00:00:00-05:00,191.58859252929688
2025-11-12 00:00:00-05:00,192.14210510253906
2025-11-13 00:00:00-05:00,192.99217224121094
2025-11-14 00:00:00-05:00,193.664306640625
2025-11-17 00:00:00-05:00,197.2720947265625
2025-11-18 00:00:00-05:00,197.68724060058594
2025-11-19 00:00:00-05:00,200.168212890625
2025-11-20 00:00:00-05:00,200.72174072265625
2025-11-21 00:00:00-05:00,201.54212951660156
2025-11-24 00:00:00-05:00,203.6672821044922
2025-11-25 00:00:00-05:00,205.57713317871094
2025-11-26 00:00:00-05:00,206.46241760253906
2025-11-28 00:00:00-05:00,205.8258056640625
2025-12-01 00:00:00-05:00,204.254150390625
2025-12-02 00:00:00-05:00,204.333740234375
2025-12-03 00:00:00-05:00,204.2442169189453
2025-12-04 00:00:00-05:00,201.40928649902344
2025-12-05 00:00:00-05:00,200.8621826171875
2025-12-08 00:00:00-05:00,200.5538330078125
2025-12-09 00:00:00-05:00,198.90261840820312
2025-12-10 00:00:00-05:00,205.44781494140625
2025-12-11 00:00:00-05:00,208.8994598388672
2025-12-12 00:00:00-05:00,210.46116638183594
2025-12-15 00:00:00-05:00,213.03746032714844
2025-12-16 00:00:00-05:00,208.19322204589844
2025-12-17 00:00:00-05:00,209.2177734375
2025-12-18 00:00:00-05:00,207.2084503173828
2025-12-19 00:00:00-05:00,205.27871704101562
2025-12-22 00:00:00-05:00,206.22369384765625
2025-12-23 00:00:00-05:00,204.69183349609375
2025-12-24 00:00:00-05:00,206.68125915527344
2025-12-26 00:00:00-05:00,206.5320587158203
2025-12-29 00:00:00-05:00,206.46241760253906
2025-12-30 00:00:00-05:00,205.81585693359375
2025-12-31 00:00:00-05:00,205.85565185546875
2026-01-02 00:00:00-05:00,206.2535400390625
2026-01-05 00:00:00-05:00,203.22959899902344
2026-01-06 00:00:00-05:00,203.70706176757812
2026-01-07 00:00:00-05:00,206.39279174804688
2026-01-08 00:00:00-05:00,204.6619873046875
2026-01-09 00:00:00-05:00,203.30918884277344
2026-01-12 00:00:00-05:00,208.6110076904297
2026-01-13 00:00:00-05:00,212.5202178955078
2026-01-14 00:00:00-05:00,217.39430236816406
2026-01-15 00:00:00-05:00,218.40892028808594
2026-01-16 00:00:00-05:00,217.50372314453125
2026-01-20 00:00:00-05:00,217.0561065673828
2026-01-21 00:00:00-05:00,216.85716247558594
2026-01-22 00:00:00-05:00,217.33462524414062
2026-01-23 00:00:00-05:00,218.97589111328125
2026-01-26 00:00:00-05:00,220.3187713623047
2026-01-27 00:00:00-05:00,223.25315856933594
2026-01-28 00:00:00-05:00,226.5158233642578
2026-01-29 00:00:00-05:00,226.0880889892578
2026-01-30 00:00:00-05:00,226.0482940673828
2026-02-02 00:00:00-05:00,229.52980041503906
2026-02-03 00:00:00-05:00,231.86737060546875
2026-02-04 00:00:00-05:00,233.23011779785156
2026-02-05 00:00:00-05:00,236.53256225585938
2026-02-06 00:00:00-05:00,238.72093200683594
2026-02-09 00:00:00-05:00,237.37806701660156
2026-02-10 00:00:00-05:00,237.08961486816406
2026-02-11 00:00:00-05:00,239.58633422851562
2026-02-12 00:00:00-05:00,243.25682067871094
2026-02-13 00:00:00-05:00,242.16262817382812
2026-02-17 00:00:00-05:00,242.04327392578125
2026-02-18 00:00:00-05:00,243.6945037841797
2026-02-19 00:00:00-05:00,245.60433959960938
2026-02-20 00:00:00-05:00,241.2077178955078
2026-02-23 00:00:00-05:00,244.5399932861328
2026-02-24 00:00:00-05:00,246.27999877929688
2026-02-25 00:00:00-05:00,245.1699981689453
2026-02-26 00:00:00-05:00,243.47000122070312
2026-02-27 00:00:00-05:00,248.42999267578125
2026-03-02 00:00:00-05:00,248.55999755859375
2026-03-03 00:00:00-05:00,246.75
2026-03-04 00:00:00-05:00,245.3000030517578
2026-03-05 00:00:00-05:00,239.6300048828125
2026-03-06 00:00:00-05:00,240.39999389648438
2026-03-09 00:00:00-04:00,242.58999633789062
2026-03-10 00:00:00-04:00,243.7100067138672
2026-03-11 00:00:00-04:00,242.99000549316406
2026-03-12 00:00:00-04:00,242.0399932861328
2026-03-13 00:00:00-04:00,241.52000427246094
2026-03-16 00:00:00-04:00,243.19000244140625
2026-03-17 00:00:00-04:00,238.11000061035156
2026-03-18 00:00:00-04:00,237.27999877929688
2026-03-19 00:00:00-04:00,237.60000610351562
2026-03-20 00:00:00-04:00,235.3699951171875
2026-03-23 00:00:00-04:00,235.4199981689453
2026-03-24 00:00:00-04:00,235.27000427246094
2026-03-25 00:00:00-04:00,239.92999267578125
2026-03-26 00:00:00-04:00,239.24000549316406
2026-03-27 00:00:00-04:00,240.4499969482422
2026-03-30 00:00:00-04:00,242.49000549316406
2026-03-31 00:00:00-04:00,244.44000244140625
2026-04-01 00:00:00-04:00,244.1199951171875
2026-04-02 00:00:00-04:00,243.0399932861328
2026-04-06 00:00:00-04:00,240.97000122070312
2026-04-07 00:00:00-04:00,238.41000366210938
2026-04-08 00:00:00-04:00,241.3000030517578
2026-04-09 00:00:00-04:00,241.30999755859375
2026-04-10 00:00:00-04:00,238.4600067138672
2026-04-13 00:00:00-04:00,237.9600067138672
2026-04-14 00:00:00-04:00,240.10000610351562
2026-04-15 00:00:00-04:00,238.6699981689453
2026-04-16 00:00:00-04:00,234.5399932861328
2026-04-17 00:00:00-04:00,234.17999267578125
2026-04-20 00:00:00-04:00,230.69000244140625
2026-04-21 00:00:00-04:00,226.16000366210938
2026-04-22 00:00:00-04:00,226.10000610351562
2026-04-23 00:00:00-04:00,230.64999389648438
2026-04-24 00:00:00-04:00,227.5
2026-04-27 00:00:00-04:00,225.33999633789062
2026-04-28 00:00:00-04:00,227.7899932861328
2026-04-29 00:00:00-04:00,227.35000610351562
2026-04-30 00:00:00-04:00,229.85000610351562
2026-05-01 00:00:00-04:00,227.19000244140625
2026-05-04 00:00:00-04:00,224.1999969482422
2026-05-05 00:00:00-04:00,225.5500030517578
2026-05-06 00:00:00-04:00,224.6199951171875
2026-05-07 00:00:00-04:00,222.50999450683594
2026-05-08 00:00:00-04:00,221.32000732421875
